{"cameraMode":{"drawMode":0,"name":"Shaded","section":"Shading Mode"},"sceneLighting":false,"audioPlay":false,"sceneViewState":{"showFog":true,"showMaterialUpdate":false,"showSkybox":false,"showFlares":true,"showImageEffects":true,"showParticleSystems":true},"in2DMode":false,"pivot":{"x":0.3511066436767578,"y":3.3097543716430666,"z":0.6351265907287598},"rotation":{"x":-0.17639999091625215,"y":-0.6395196318626404,"z":0.15405814349651338,"w":-0.7322402000427246},"size":0.9866025447845459,"orthographic":false}